ID,dataset,label_positive_probability,junction_aa,v_call,j_call
1afbf51fe1439f71b23da87d311702f2,test_dataset_1,0.5,-999.0,-999.0,-999.0
4004d4d2319a04ca536aa2cefa5ffa92,test_dataset_1,0.5,-999.0,-999.0,-999.0
cad973814f3225f412e1fb68b3102724,test_dataset_1,0.5,-999.0,-999.0,-999.0
96eb5992829f3ca99d52fd1d0ad4f66b,test_dataset_1,0.5,-999.0,-999.0,-999.0
ff574bac34edc5ad86bb4b40b803e02e,test_dataset_1,0.5,-999.0,-999.0,-999.0
f70a88cb488fb0e0cbc1e1aaecc46534,test_dataset_1,0.5,-999.0,-999.0,-999.0
e636e6ccf9423cef7f03430e759ebb87,test_dataset_1,0.5,-999.0,-999.0,-999.0
084a961494c5d1bf49716e7b79957757,test_dataset_1,0.5,-999.0,-999.0,-999.0
6db40ed1db890200256f92cdd01d4732,test_dataset_1,0.5,-999.0,-999.0,-999.0
f1bd0dd4236e4f4014826293adf98fe2,test_dataset_1,0.5,-999.0,-999.0,-999.0
de6a0fdb372a8ca1c0e3c18a18d6803a,test_dataset_1,0.5,-999.0,-999.0,-999.0
9f617d7b62d2b83af757d0221270638a,test_dataset_1,0.5,-999.0,-999.0,-999.0
ea6c62a8d3d47112622ad358c290d124,test_dataset_1,0.5,-999.0,-999.0,-999.0
100f38b5e81f65faccc6724bea7c3eee,test_dataset_1,0.5,-999.0,-999.0,-999.0
1980599b5c4b114b76eb71d565d491de,test_dataset_1,0.5,-999.0,-999.0,-999.0
9bfd32e590ac0b560f0b071260df20d7,test_dataset_1,0.5,-999.0,-999.0,-999.0
b239708ecbbea77d63f1b1bc3ef51643,test_dataset_1,0.5,-999.0,-999.0,-999.0
68e13c7e42e6f8ad36a85dafbea55ee9,test_dataset_1,0.5,-999.0,-999.0,-999.0
40fea8326f4cdfdf46f782272523c32e,test_dataset_1,0.5,-999.0,-999.0,-999.0
27bc7776b6526c66581a5e722cb84a22,test_dataset_1,0.5,-999.0,-999.0,-999.0
ac61bbdd66cc882cbb5df06c887c9c17,test_dataset_1,0.5,-999.0,-999.0,-999.0
31ffe4512fa89403b87ea7b2bfb7dd16,test_dataset_1,0.5,-999.0,-999.0,-999.0
2a37efdfd952cf49c7417e046d922080,test_dataset_1,0.5,-999.0,-999.0,-999.0
d311228327c106d2117d58bb16a0ae92,test_dataset_1,0.5,-999.0,-999.0,-999.0
0e0bad32b85c4d81fae8b97c65752108,test_dataset_1,0.5,-999.0,-999.0,-999.0
9fdc772c0db96da6213090e9524604f2,test_dataset_1,0.5,-999.0,-999.0,-999.0
0a3236cbb87f17f485fe737f77b33692,test_dataset_1,0.5,-999.0,-999.0,-999.0
19ada0f2b2383732b26c0db721102b4e,test_dataset_1,0.5,-999.0,-999.0,-999.0
0f893b6b78f864f325b498a41f6c3a94,test_dataset_1,0.5,-999.0,-999.0,-999.0
bce2bf4178b7d564530f00c2da406b39,test_dataset_1,0.5,-999.0,-999.0,-999.0
cbf2cec58d927eb948290b643fcc4577,test_dataset_1,0.5,-999.0,-999.0,-999.0
6a52ebeb0b54b95f128f69f78bccc6a6,test_dataset_1,0.5,-999.0,-999.0,-999.0
5d9fcd8ccdec36314571eb1250e1e464,test_dataset_1,0.5,-999.0,-999.0,-999.0
0183aebce97137596213b8ff6b4df916,test_dataset_1,0.5,-999.0,-999.0,-999.0
4cb3a13b91137e15c8af8661c9245527,test_dataset_1,0.5,-999.0,-999.0,-999.0
d0fce58a99dc544b92c3d76f68dc72cb,test_dataset_1,0.5,-999.0,-999.0,-999.0
236e11d304aa38bf747fb91cf3989a06,test_dataset_1,0.5,-999.0,-999.0,-999.0
26667f76e0a983fbb90a72e899d801a6,test_dataset_1,0.5,-999.0,-999.0,-999.0
8808ca0fb8cf047a3b55d1e3d29a506c,test_dataset_1,0.5,-999.0,-999.0,-999.0
a71a16814c51358498d58213349ddc4f,test_dataset_1,0.5,-999.0,-999.0,-999.0
c54dd350b4f566dd42ed1f43552e5370,test_dataset_1,0.5,-999.0,-999.0,-999.0
f67cca4f14fa770dcfdd055b04e6344f,test_dataset_1,0.5,-999.0,-999.0,-999.0
b6a9257366d142c34f1f5c614e7745de,test_dataset_1,0.5,-999.0,-999.0,-999.0
3f534ff266473cb107c3b28995fdb204,test_dataset_1,0.5,-999.0,-999.0,-999.0
902ff533739a30a630c56c60147ad677,test_dataset_1,0.5,-999.0,-999.0,-999.0
25f3b7a0a1c0d11c0d48c9c1bbc10673,test_dataset_1,0.5,-999.0,-999.0,-999.0
853b11ca7b92c03160b84130031672f2,test_dataset_1,0.5,-999.0,-999.0,-999.0
7291fd4d100b75a089cefb99a1463513,test_dataset_1,0.5,-999.0,-999.0,-999.0
193ac382bcecaec249ae7879a4bead2c,test_dataset_1,0.5,-999.0,-999.0,-999.0
532f82983edcef9c97923ab952f196d8,test_dataset_1,0.5,-999.0,-999.0,-999.0
532e6a0e3eaf3ca12f01dce62e1492bd,test_dataset_1,0.5,-999.0,-999.0,-999.0
b4913dc8c19aa49911f5e64cc1012f39,test_dataset_1,0.5,-999.0,-999.0,-999.0
85a0e2eb9a495ef459ede79d74800c52,test_dataset_1,0.5,-999.0,-999.0,-999.0
2c091d12eef98ae0faa3daad0e9c11a0,test_dataset_1,0.5,-999.0,-999.0,-999.0
67a302eb268920ef09581b8f2acad9fd,test_dataset_1,0.5,-999.0,-999.0,-999.0
5f6d827d0a575ad3bc3023dfbd1fff69,test_dataset_1,0.5,-999.0,-999.0,-999.0
d2c09faa2b1e23e39451736175487991,test_dataset_1,0.5,-999.0,-999.0,-999.0
d7f90fdd8885aefbb7fd92b53f3b89d1,test_dataset_1,0.5,-999.0,-999.0,-999.0
6ecca4fd6ecaadd3123ba01db24daee6,test_dataset_1,0.5,-999.0,-999.0,-999.0
75ea7dae7a6e60246e2b096975271e3f,test_dataset_1,0.5,-999.0,-999.0,-999.0
59f5681187d638f9dc9ed2a7dcf124b7,test_dataset_1,0.5,-999.0,-999.0,-999.0
4a2c92e83fbff17417aba932165c3ae8,test_dataset_1,0.5,-999.0,-999.0,-999.0
d19854efbe93b6bdd66a39654e407a43,test_dataset_1,0.5,-999.0,-999.0,-999.0
ef5467be346d098ed5cfa0f42ca6af9d,test_dataset_1,0.5,-999.0,-999.0,-999.0
ee210445253b3a3cc08c43e17b1978f0,test_dataset_1,0.5,-999.0,-999.0,-999.0
fb1a65b2f36542e97f4af91eccd0b8ca,test_dataset_1,0.5,-999.0,-999.0,-999.0
924e10abd94f3d40c15950e7e42efd77,test_dataset_1,0.5,-999.0,-999.0,-999.0
dfc582b4f09c65658a08fcc019b9ec7e,test_dataset_1,0.5,-999.0,-999.0,-999.0
06b0dac31d168a306becc287001c9d30,test_dataset_1,0.5,-999.0,-999.0,-999.0
f3ab0fb4425215c096d76a4ea6d7383b,test_dataset_1,0.5,-999.0,-999.0,-999.0
295e8398806839feae5849088de8ad1b,test_dataset_1,0.5,-999.0,-999.0,-999.0
e190e7c35f4e9c01ab1ada689c3dcd41,test_dataset_1,0.5,-999.0,-999.0,-999.0
cc1c0110d80290ace303d1d156037f85,test_dataset_1,0.5,-999.0,-999.0,-999.0
02f32d161c259f3b83a1690bf867e936,test_dataset_1,0.5,-999.0,-999.0,-999.0
c07275dd18cdcca17ea7f7cdc765c6b6,test_dataset_1,0.5,-999.0,-999.0,-999.0
17daabb55dc9d0b3070da4e3faa5229d,test_dataset_1,0.5,-999.0,-999.0,-999.0
7f61fa257c7a9b1757b629fe0686b9f8,test_dataset_1,0.5,-999.0,-999.0,-999.0
a751507cc267eb75c435a4f734d6c1da,test_dataset_1,0.5,-999.0,-999.0,-999.0
979ceda65d75df7ec7e427c91c587528,test_dataset_1,0.5,-999.0,-999.0,-999.0
902b9cc34c753c1814533bdfdd7c4fd2,test_dataset_1,0.5,-999.0,-999.0,-999.0
600ce1b8b4b53f50c6bf2f01adcd3558,test_dataset_1,0.5,-999.0,-999.0,-999.0
d9a3c28ecb99272729f488885f499309,test_dataset_1,0.5,-999.0,-999.0,-999.0
24f0ab8931da80281f4992a1dae8e9b2,test_dataset_1,0.5,-999.0,-999.0,-999.0
960c64245837dcc5873d5c8d57f34e84,test_dataset_1,0.5,-999.0,-999.0,-999.0
17bc434ccb19879cd9058a065f91db83,test_dataset_1,0.5,-999.0,-999.0,-999.0
28edec177291fded0952984744747b5c,test_dataset_1,0.5,-999.0,-999.0,-999.0
1c87fef73a380b69c6a00c4b25278e44,test_dataset_1,0.5,-999.0,-999.0,-999.0
8ee3b0d87410b429577e8e5b7bb39dd0,test_dataset_1,0.5,-999.0,-999.0,-999.0
ee3133357a45eee5fe1c88a30b2f42e9,test_dataset_1,0.5,-999.0,-999.0,-999.0
629cbbee4e0b335eb27b2e41eb7f530e,test_dataset_1,0.5,-999.0,-999.0,-999.0
00c2f235783b71189f670f563a62c004,test_dataset_1,0.5,-999.0,-999.0,-999.0
b974e6a8100d3f114ae018fe51f020ab,test_dataset_1,0.5,-999.0,-999.0,-999.0
194d33332b5e831681b7b5ebee13b7eb,test_dataset_1,0.5,-999.0,-999.0,-999.0
a1db5a0411c681864d40bc7200f7997c,test_dataset_1,0.5,-999.0,-999.0,-999.0
79b30256fd74aa8ec1ce01fded552913,test_dataset_1,0.5,-999.0,-999.0,-999.0
33f7a72887a02012c74e2eff46622d7f,test_dataset_1,0.5,-999.0,-999.0,-999.0
5c95e5fdb7ecec1a9a30af86d4229531,test_dataset_1,0.5,-999.0,-999.0,-999.0
34b04dfc3eeb3db75d2c8c3a7359d650,test_dataset_1,0.5,-999.0,-999.0,-999.0
d57397a8a741eddf36e69e0871eb0807,test_dataset_1,0.5,-999.0,-999.0,-999.0
e95adc374d615bba22b4fd0530a5aef3,test_dataset_1,0.5,-999.0,-999.0,-999.0
e35c758a6d4e6dde312bc8837d88ebf4,test_dataset_1,0.5,-999.0,-999.0,-999.0
4dac15c8a89e8fd02d2682a52aa78a2b,test_dataset_1,0.5,-999.0,-999.0,-999.0
79f6450b551788fd9d1478f3d0694c77,test_dataset_1,0.5,-999.0,-999.0,-999.0
8d0d0e1104d79f128212d6887074d885,test_dataset_1,0.5,-999.0,-999.0,-999.0
833407b1cc4fc98fc9c306d0cf70aee4,test_dataset_1,0.5,-999.0,-999.0,-999.0
050ce9aa1ad0a913ecbe8976324e60ca,test_dataset_1,0.5,-999.0,-999.0,-999.0
9bfe8a72a0458a8bf997fd41b5e3ca46,test_dataset_1,0.5,-999.0,-999.0,-999.0
3a019e3bfa709cba83ff40b3c48910ab,test_dataset_1,0.5,-999.0,-999.0,-999.0
c72fcedd47f40e3115842a70b355f759,test_dataset_1,0.5,-999.0,-999.0,-999.0
88c9f31d8171ca20ac2c1932a4a4a383,test_dataset_1,0.5,-999.0,-999.0,-999.0
0ab0ff23bb90b4f0dd174beacb234549,test_dataset_1,0.5,-999.0,-999.0,-999.0
8fd7ae4143b7e90e79c528bbc5306308,test_dataset_1,0.5,-999.0,-999.0,-999.0
57a6a6de21ec83b57a7b604bfda3335e,test_dataset_1,0.5,-999.0,-999.0,-999.0
d580d9107d12015c56a5f991de59e402,test_dataset_1,0.5,-999.0,-999.0,-999.0
a6f5cc4ec95e7b1c1d7d5de7d4c2403a,test_dataset_1,0.5,-999.0,-999.0,-999.0
1b7ba54105cb017c49851846ae2eb9a0,test_dataset_1,0.5,-999.0,-999.0,-999.0
c8113e55c1f8735b119caf72da5d1a95,test_dataset_1,0.5,-999.0,-999.0,-999.0
a9087b2456909c0e61afa69b3e5dac92,test_dataset_1,0.5,-999.0,-999.0,-999.0
fb949f48f5710332ea721058d47540f2,test_dataset_1,0.5,-999.0,-999.0,-999.0
8db1abe7a872184867175f24dc7efac6,test_dataset_1,0.5,-999.0,-999.0,-999.0
fb666d244284ab88940352226588e125,test_dataset_1,0.5,-999.0,-999.0,-999.0
1e306038b11cbf1813792880c08500ff,test_dataset_1,0.5,-999.0,-999.0,-999.0
8de0b715353aa0f850a6377659d587f0,test_dataset_1,0.5,-999.0,-999.0,-999.0
a08f6e282ca1c6b07ed2a5e90fbd848c,test_dataset_1,0.5,-999.0,-999.0,-999.0
3222ead37cc34b2aec667b96ea3c2569,test_dataset_1,0.5,-999.0,-999.0,-999.0
dc03ad045abaa75cbb90fedee2eda6b6,test_dataset_1,0.5,-999.0,-999.0,-999.0
e6c60f9eed982dd07251e514c740a30b,test_dataset_1,0.5,-999.0,-999.0,-999.0
38368ad23d4d7cd2b4d0295b8cd04b2e,test_dataset_1,0.5,-999.0,-999.0,-999.0
753a44fe517c82b01217116e33526d0e,test_dataset_1,0.5,-999.0,-999.0,-999.0
1fb00d55322aa9f39810be8bb659cf7a,test_dataset_1,0.5,-999.0,-999.0,-999.0
2bfe7811ce73d760d197130340c3ead9,test_dataset_1,0.5,-999.0,-999.0,-999.0
540aeec2c83c4e7098035d975a6c3b4e,test_dataset_1,0.5,-999.0,-999.0,-999.0
6277f3ecd7b5b6a9b47ece78b91cf8d3,test_dataset_1,0.5,-999.0,-999.0,-999.0
56b93449283b5c5ff14e28b8225ac3a8,test_dataset_1,0.5,-999.0,-999.0,-999.0
fdea0e49d92b7edf034a20a3d43e730e,test_dataset_1,0.5,-999.0,-999.0,-999.0
b742ef567e3c2ac69ff097bc5a2eb27a,test_dataset_1,0.5,-999.0,-999.0,-999.0
9da521afc76557d46085e3823761b4ac,test_dataset_1,0.5,-999.0,-999.0,-999.0
cf7bf4558019a09c3d934178cc043d9e,test_dataset_1,0.5,-999.0,-999.0,-999.0
490ec5f2ad9eff7516abe173ae3ac0f2,test_dataset_1,0.5,-999.0,-999.0,-999.0
988cdcaa392212c8bd57af4a12529304,test_dataset_1,0.5,-999.0,-999.0,-999.0
a39f6c2121d246b41461508b20838a8f,test_dataset_1,0.5,-999.0,-999.0,-999.0
2094d919a17daa4090b6fba15e72f32d,test_dataset_1,0.5,-999.0,-999.0,-999.0
4c469ac148734216d0e6f1243e00bdca,test_dataset_1,0.5,-999.0,-999.0,-999.0
ea2d2121d0a8c69dfb3bc00accb7261e,test_dataset_1,0.5,-999.0,-999.0,-999.0
1e022719b31a1b52bb81d93edfb872be,test_dataset_1,0.5,-999.0,-999.0,-999.0
3b628ff68617c0082e2821a1ee55dfc0,test_dataset_1,0.5,-999.0,-999.0,-999.0
5000088a6ffd25a7e4bb2c4d7cbb2d5c,test_dataset_1,0.5,-999.0,-999.0,-999.0
7fdee0cd4916cb16ab0674b3226e1431,test_dataset_1,0.5,-999.0,-999.0,-999.0
754d85f575ed9841dda38d05eef9f0ec,test_dataset_1,0.5,-999.0,-999.0,-999.0
91aac6df65ef3f9d15cd8ea8330bc211,test_dataset_1,0.5,-999.0,-999.0,-999.0
4f75e082a8e91c28a39a692ac5a71eb4,test_dataset_1,0.5,-999.0,-999.0,-999.0
a0ce4ce31c81019045e63df3b3595625,test_dataset_1,0.5,-999.0,-999.0,-999.0
f59fd2bff57b99dee03dd68b14134118,test_dataset_1,0.5,-999.0,-999.0,-999.0
5d0a2eba5661816a7cfd5ddad670f789,test_dataset_1,0.5,-999.0,-999.0,-999.0
61916d5e096afb1c5a56bef012823624,test_dataset_1,0.5,-999.0,-999.0,-999.0
c185f8fce4037759ec612efd645ed8bb,test_dataset_1,0.5,-999.0,-999.0,-999.0
f6a1d0997147114b77c492a3eec66c12,test_dataset_1,0.5,-999.0,-999.0,-999.0
e12c99800e3e74f52c6b7ebb867db053,test_dataset_1,0.5,-999.0,-999.0,-999.0
06d948047c079a569ddf8cf2eac2e00c,test_dataset_1,0.5,-999.0,-999.0,-999.0
c70f7d0fb22c7d214310f8782860fa2f,test_dataset_1,0.5,-999.0,-999.0,-999.0
249af447581b5d9dd011c34de24791da,test_dataset_1,0.5,-999.0,-999.0,-999.0
aa55d8f402b9dacc9bb564f943e10b97,test_dataset_1,0.5,-999.0,-999.0,-999.0
4b10d7e12a69ff46d572fabf4cf1d510,test_dataset_1,0.5,-999.0,-999.0,-999.0
3302a17e62484abc8b9c4adc9c7269c2,test_dataset_1,0.5,-999.0,-999.0,-999.0
e06496dac274765e75313a95d441f3b8,test_dataset_1,0.5,-999.0,-999.0,-999.0
2166047738cf01ed702e8de531572f69,test_dataset_1,0.5,-999.0,-999.0,-999.0
018194997c63d92ea8ab22d27fec5b1b,test_dataset_1,0.5,-999.0,-999.0,-999.0
48599a5ac81a9e4cec498b09d76d2c39,test_dataset_1,0.5,-999.0,-999.0,-999.0
1474403b00b90489c02e981ebba3c9b0,test_dataset_1,0.5,-999.0,-999.0,-999.0
bedf598bf0bf567bf9c79d4c4a8de65d,test_dataset_1,0.5,-999.0,-999.0,-999.0
4362395910f07609e821381c72a54ab2,test_dataset_1,0.5,-999.0,-999.0,-999.0
634a6787233e8bb14d22c25a66f4063a,test_dataset_1,0.5,-999.0,-999.0,-999.0
7117d6bc9b8889591e3b2f6991cc4c00,test_dataset_1,0.5,-999.0,-999.0,-999.0
782d3bd97db498498046c786f14139b3,test_dataset_1,0.5,-999.0,-999.0,-999.0
352a59f712ec725293a7990554f6bf5d,test_dataset_1,0.5,-999.0,-999.0,-999.0
8abf3b1c9543b3d21e5a4d53dddee4d9,test_dataset_1,0.5,-999.0,-999.0,-999.0
905ebffb011536985037d63862ada90a,test_dataset_1,0.5,-999.0,-999.0,-999.0
c9b3856500f7cefb48987faadb63a9f9,test_dataset_1,0.5,-999.0,-999.0,-999.0
152a2178b3994e509598b5d30f9c2352,test_dataset_1,0.5,-999.0,-999.0,-999.0
8242fbdb060a31c453b779664fbef2c8,test_dataset_1,0.5,-999.0,-999.0,-999.0
f1d696ac621f30c467640a527a20e0cd,test_dataset_1,0.5,-999.0,-999.0,-999.0
8711d0a5f012f93aee02d367e455b031,test_dataset_1,0.5,-999.0,-999.0,-999.0
e1ac67a859cb2bbf352fc2c88ab99ffc,test_dataset_1,0.5,-999.0,-999.0,-999.0
847b62a4f7521fd409a4868ba1de4668,test_dataset_1,0.5,-999.0,-999.0,-999.0
11e4a994eb486d1d2e4a7a6e2a8297fe,test_dataset_1,0.5,-999.0,-999.0,-999.0
fbf951a9e2b6337d872a6c054ab95c7f,test_dataset_1,0.5,-999.0,-999.0,-999.0
86a5a0f53d540a71725daaa2bd5bb851,test_dataset_1,0.5,-999.0,-999.0,-999.0
73db1aabe55ccfdf36db7497bdc27d3d,test_dataset_1,0.5,-999.0,-999.0,-999.0
57169e97edcc490c6688e48a5a074622,test_dataset_1,0.5,-999.0,-999.0,-999.0
1de596bfd7cba60e4ae1302eb7823513,test_dataset_1,0.5,-999.0,-999.0,-999.0
66020b4ffe6a6a79d6416216fdda34d9,test_dataset_1,0.5,-999.0,-999.0,-999.0
420ceb3210c65c1d831958b3f075ebb4,test_dataset_1,0.5,-999.0,-999.0,-999.0
dae0c295d878cc082a970d195687c153,test_dataset_1,0.5,-999.0,-999.0,-999.0
c0baec389df47017c01431ff4c7fddd2,test_dataset_1,0.5,-999.0,-999.0,-999.0
5bc9ddeeba19abf33747ab17fe1005e4,test_dataset_1,0.5,-999.0,-999.0,-999.0
5673db27d3edc415bb27e4e6c9103850,test_dataset_1,0.5,-999.0,-999.0,-999.0
4c3035a78c78cb0fe7de411390e5e5ba,test_dataset_1,0.5,-999.0,-999.0,-999.0
d9bdaeaadde5f87dc27feed274a438c9,test_dataset_1,0.5,-999.0,-999.0,-999.0
654b0e87d64aca1625a58d9111fc65fc,test_dataset_1,0.5,-999.0,-999.0,-999.0
93655987206ab466f621fa3762b029b7,test_dataset_1,0.5,-999.0,-999.0,-999.0
45c12d5e9bd68316ad53076de014fc32,test_dataset_1,0.5,-999.0,-999.0,-999.0
1cd95eb89d3f3ca138654825f9f018f4,test_dataset_1,0.5,-999.0,-999.0,-999.0
af343757c215393d97af99d7dd2c8ce1,test_dataset_1,0.5,-999.0,-999.0,-999.0
d283fd3e594f30b4b6bf9277e4db755c,test_dataset_1,0.5,-999.0,-999.0,-999.0
3fb513a02be9829408cfc98a31c226aa,test_dataset_1,0.5,-999.0,-999.0,-999.0
5f17e5502cb2e777d18c26850163defe,test_dataset_1,0.5,-999.0,-999.0,-999.0
d7e4ddb44dceb672029deb8f3adbcd04,test_dataset_1,0.5,-999.0,-999.0,-999.0
82f3a711dec8c6a23c27c1721180fe31,test_dataset_1,0.5,-999.0,-999.0,-999.0
7c260611969da3aad7c854a72f26487d,test_dataset_1,0.5,-999.0,-999.0,-999.0
9b97ba12c7c2c9c741cb9610987ea956,test_dataset_1,0.5,-999.0,-999.0,-999.0
7d34c01094d88102f39b65a36f600861,test_dataset_1,0.5,-999.0,-999.0,-999.0
742b375794b28b35cc076fc52f2759e1,test_dataset_1,0.5,-999.0,-999.0,-999.0
86036f85cc5da58f6ee7558b61bd1ff1,test_dataset_1,0.5,-999.0,-999.0,-999.0
7a33fdfcb96d7c236e466c1bb92f5bb5,test_dataset_1,0.5,-999.0,-999.0,-999.0
8162838b8aa1f56489da92519efee80e,test_dataset_1,0.5,-999.0,-999.0,-999.0
ec7735d75a76d5695052f826014bc9a6,test_dataset_1,0.5,-999.0,-999.0,-999.0
8233aec7dc0bd87620ca803c5a87b565,test_dataset_1,0.5,-999.0,-999.0,-999.0
fa2de1d15c51d8988ccaeddcc82525d2,test_dataset_1,0.5,-999.0,-999.0,-999.0
b6c4240ac15ba9674246b9df46d5316f,test_dataset_1,0.5,-999.0,-999.0,-999.0
721c901bba71f006a2f17f64c57f9cd6,test_dataset_1,0.5,-999.0,-999.0,-999.0
d55832a44fff37a80b62a6f3ca43056d,test_dataset_1,0.5,-999.0,-999.0,-999.0
f2c41df00ec3717da10cdef04c2e61db,test_dataset_1,0.5,-999.0,-999.0,-999.0
bab1317514684b710cac20ab795a0045,test_dataset_1,0.5,-999.0,-999.0,-999.0
46ff300f34db9b8770b1a6878935923a,test_dataset_1,0.5,-999.0,-999.0,-999.0
1e0d595ab460f9d9e1bc0e9bb990749f,test_dataset_1,0.5,-999.0,-999.0,-999.0
b026461731a630d15280e2d47c368d6d,test_dataset_1,0.5,-999.0,-999.0,-999.0
5bb98e30e90a77fe6e929b23e77083a4,test_dataset_1,0.5,-999.0,-999.0,-999.0
81b61b77f18e592364832f43a41c1840,test_dataset_1,0.5,-999.0,-999.0,-999.0
648b961d27289643fd4f16d471fb5307,test_dataset_1,0.5,-999.0,-999.0,-999.0
9c8f91a8fb933665c2ac1a407da02144,test_dataset_1,0.5,-999.0,-999.0,-999.0
4145525bd942598b5cb9acd1cfaef79d,test_dataset_1,0.5,-999.0,-999.0,-999.0
e2b8b3329382a9da5a101cd52ce49a47,test_dataset_1,0.5,-999.0,-999.0,-999.0
1908b63831ae555aac5ddd4233ee5076,test_dataset_1,0.5,-999.0,-999.0,-999.0
169365687531fbb152e03e0e0d5f47a7,test_dataset_1,0.5,-999.0,-999.0,-999.0
dde7dc493f7fd01ad2dfce99f941ee1c,test_dataset_1,0.5,-999.0,-999.0,-999.0
b492d80229f01e150c8c3258237e7e5e,test_dataset_1,0.5,-999.0,-999.0,-999.0
6530ffd2a0f59a3d975307b433704183,test_dataset_1,0.5,-999.0,-999.0,-999.0
cfeac925272ddabd38b0e1ab58c18f57,test_dataset_1,0.5,-999.0,-999.0,-999.0
4b88b1d6d5e1fc9a1d548fc1626ff4fc,test_dataset_1,0.5,-999.0,-999.0,-999.0
97f7c6624bc0de89bb60bf5e6a2272e6,test_dataset_1,0.5,-999.0,-999.0,-999.0
4babe10e68c1f10b0bc25cdb6a5bfe4b,test_dataset_1,0.5,-999.0,-999.0,-999.0
2d4bb97b439ee232a162c3648f3ef84b,test_dataset_1,0.5,-999.0,-999.0,-999.0
3b93d0b7074dd93bc2f5e9c0457d4ad9,test_dataset_1,0.5,-999.0,-999.0,-999.0
f3a26da18f65bdd942116a818064c421,test_dataset_1,0.5,-999.0,-999.0,-999.0
8a80b9a2ef7cdf5d8cebce41e839de48,test_dataset_1,0.5,-999.0,-999.0,-999.0
8aed9ea6f9cab1db1e5e4704e502290f,test_dataset_1,0.5,-999.0,-999.0,-999.0
16ce1a258a1d70cba8dcd67e411face5,test_dataset_1,0.5,-999.0,-999.0,-999.0
967fc5315f27f2b10943397d4c5ee50c,test_dataset_1,0.5,-999.0,-999.0,-999.0
2e82de4f43b0bf479c588f51aa667254,test_dataset_1,0.5,-999.0,-999.0,-999.0
56addd4af9240f18150260299d792ebb,test_dataset_1,0.5,-999.0,-999.0,-999.0
beb1b2656a3ccbc748a8e9feb962dc93,test_dataset_1,0.5,-999.0,-999.0,-999.0
009f383a77314f4bc8d041b636152b25,test_dataset_1,0.5,-999.0,-999.0,-999.0
1e043880320c9988acf9d934df7437f4,test_dataset_1,0.5,-999.0,-999.0,-999.0
343c62c90c3cb48383fb0ae1adfc66f2,test_dataset_1,0.5,-999.0,-999.0,-999.0
ff7947705d67ec6def0247e24912eeba,test_dataset_1,0.5,-999.0,-999.0,-999.0
d9551e2a3ebda30842a0a95ce51f2bd9,test_dataset_1,0.5,-999.0,-999.0,-999.0
74cb6fa4049682f20a5c46e9af846b86,test_dataset_1,0.5,-999.0,-999.0,-999.0
f977f1e5445155b4f0c005875f5b3e21,test_dataset_1,0.5,-999.0,-999.0,-999.0
b2ce29754270738226990fafebaeaa40,test_dataset_1,0.5,-999.0,-999.0,-999.0
2bdd0145e8c33a3fc6ac66f76fd5e44e,test_dataset_1,0.5,-999.0,-999.0,-999.0
67d4b1c34c1e8f1219feaeba2f71c512,test_dataset_1,0.5,-999.0,-999.0,-999.0
22e4fcc5357de1af19620c7b384d8305,test_dataset_1,0.5,-999.0,-999.0,-999.0
5b28165798a854f38cb61a6e13e66683,test_dataset_1,0.5,-999.0,-999.0,-999.0
c1d940da1a2cf63df173c88f9a4cbadf,test_dataset_1,0.5,-999.0,-999.0,-999.0
f306d7857532708fe2b44198b385733e,test_dataset_1,0.5,-999.0,-999.0,-999.0
b87e48787683f5ebcea80adcd5bd095c,test_dataset_1,0.5,-999.0,-999.0,-999.0
bca124b0d133ebb9a876c2d03093dea6,test_dataset_1,0.5,-999.0,-999.0,-999.0
96880085fc55b765378ceb4dcb7ff2b3,test_dataset_1,0.5,-999.0,-999.0,-999.0
81289c2f72d9bfda87a2ae0fd63c7a5c,test_dataset_1,0.5,-999.0,-999.0,-999.0
cd2d1f03db85b2ebc4eeaff565d921e0,test_dataset_1,0.5,-999.0,-999.0,-999.0
b33566170cda182f0e5574d671f7a9e9,test_dataset_1,0.5,-999.0,-999.0,-999.0
5b88f33f0ab9b414c1223ff50d5421b0,test_dataset_1,0.5,-999.0,-999.0,-999.0
cada535870798278f13a38019a8912e3,test_dataset_1,0.5,-999.0,-999.0,-999.0
895e7f46b45defcea7117c6f799b886a,test_dataset_1,0.5,-999.0,-999.0,-999.0
dfd5221cb3f721cf6e49f481030cc3cf,test_dataset_1,0.5,-999.0,-999.0,-999.0
f61eda447c14f9d96ac6099a378d6a70,test_dataset_1,0.5,-999.0,-999.0,-999.0
8a1ba3afd22815a97e1c508450b32d7d,test_dataset_1,0.5,-999.0,-999.0,-999.0
49ecf14e093db6ca3101daeb3312a0e2,test_dataset_1,0.5,-999.0,-999.0,-999.0
9ff23d20cb566da437a462d6b53fc54a,test_dataset_1,0.5,-999.0,-999.0,-999.0
43602dfabe5f66b540d80a31df20b591,test_dataset_1,0.5,-999.0,-999.0,-999.0
f2ee3ed66151644fc66c29e9be7915d0,test_dataset_1,0.5,-999.0,-999.0,-999.0
169d87505abfc1617b705d45923fa0ae,test_dataset_1,0.5,-999.0,-999.0,-999.0
6f5432f972e76004af4814a6f04d5a41,test_dataset_1,0.5,-999.0,-999.0,-999.0
30d604bed07a25aaaef088b77b43e7e7,test_dataset_1,0.5,-999.0,-999.0,-999.0
fd4ca3e7669f048b3e2095bb1235941e,test_dataset_1,0.5,-999.0,-999.0,-999.0
be420d0591376c4702a95987fbbc77af,test_dataset_1,0.5,-999.0,-999.0,-999.0
483cbbce27d14fb9eceeff240978cca1,test_dataset_1,0.5,-999.0,-999.0,-999.0
8d7ac2c42602fafcd7bb666886b60984,test_dataset_1,0.5,-999.0,-999.0,-999.0
ef76dc964e8a47582e244c5073829351,test_dataset_1,0.5,-999.0,-999.0,-999.0
009c600d7ad93ca2fe8f6710d9e9a317,test_dataset_1,0.5,-999.0,-999.0,-999.0
9f175ea0db5f5ecc785860a785e345f8,test_dataset_1,0.5,-999.0,-999.0,-999.0
9ed8e59dbcb1e0ec93bc618fa1cd73fb,test_dataset_1,0.5,-999.0,-999.0,-999.0
f865fa743902cd62e26549a61bd48412,test_dataset_1,0.5,-999.0,-999.0,-999.0
47a497f725c514716d1e3ecad4fcc587,test_dataset_1,0.5,-999.0,-999.0,-999.0
e9794f33155b3484656498158418f023,test_dataset_1,0.5,-999.0,-999.0,-999.0
b4975c1ffc5a5db43665b38c7f4ab76a,test_dataset_1,0.5,-999.0,-999.0,-999.0
060f1a4873f42f7d8705d82ba88aec9b,test_dataset_1,0.5,-999.0,-999.0,-999.0
89e2ac1300ed118bc70a0a31d99a5120,test_dataset_1,0.5,-999.0,-999.0,-999.0
c83b5871a27279f635a30d1afe518e15,test_dataset_1,0.5,-999.0,-999.0,-999.0
172b25acbf96f661dae00a4c2a4a5390,test_dataset_1,0.5,-999.0,-999.0,-999.0
10187357d59cc56817f32be622694d22,test_dataset_1,0.5,-999.0,-999.0,-999.0
100dda4543e610d625e509a174ec7264,test_dataset_1,0.5,-999.0,-999.0,-999.0
11d1a9772aab69075c37bfd6c1d6647f,test_dataset_1,0.5,-999.0,-999.0,-999.0
0fe8ea0dc3ef78ddc06408e98a8a887a,test_dataset_1,0.5,-999.0,-999.0,-999.0
9049a11ed6e308a5e96f504ffa603fde,test_dataset_1,0.5,-999.0,-999.0,-999.0
26e20d83d35225a9bebf73230d52bd80,test_dataset_1,0.5,-999.0,-999.0,-999.0
db112e077fcdf351061539971f580cea,test_dataset_1,0.5,-999.0,-999.0,-999.0
1939a5fce2630ff9e6f5b6d9ed92cd89,test_dataset_1,0.5,-999.0,-999.0,-999.0
b2f33d5fb2ce083aee1ae98ec3cdf508,test_dataset_1,0.5,-999.0,-999.0,-999.0
3195db49c67de42caef659195c6b71e7,test_dataset_1,0.5,-999.0,-999.0,-999.0
4d0f63070e528ed503d4349bed0098a3,test_dataset_1,0.5,-999.0,-999.0,-999.0
0eca26efddc8a72e092b81607fb1deab,test_dataset_1,0.5,-999.0,-999.0,-999.0
58f3db487f7fcd93c805b39d6d60f078,test_dataset_1,0.5,-999.0,-999.0,-999.0
957eef1785d6926af9cf7143a1e8e60c,test_dataset_1,0.5,-999.0,-999.0,-999.0
00931bf8651867a9575152b4342d794d,test_dataset_1,0.5,-999.0,-999.0,-999.0
540bb9af0f3b631afcce6049c011a8d7,test_dataset_1,0.5,-999.0,-999.0,-999.0
bd3cc1c3e85ea0936ba11c73c346312d,test_dataset_1,0.5,-999.0,-999.0,-999.0
1e78320dfd5af9c9d9a51a991df47b10,test_dataset_1,0.5,-999.0,-999.0,-999.0
c3d408f5cda2206fcf7e33ef24c966c9,test_dataset_1,0.5,-999.0,-999.0,-999.0
42ed9a0d9326fcb78388073a931d877a,test_dataset_1,0.5,-999.0,-999.0,-999.0
96c32df1b5a48af32c9ace4f64fd1189,test_dataset_1,0.5,-999.0,-999.0,-999.0
a8bf69db5e2ce2555ff68abaa67a1226,test_dataset_1,0.5,-999.0,-999.0,-999.0
a8d55f661eea5fa71ba4aefe17f04e75,test_dataset_1,0.5,-999.0,-999.0,-999.0
19cccb589ce550f5cac98465ffdbedb7,test_dataset_1,0.5,-999.0,-999.0,-999.0
d4c75169d9ad4139c4974ce40cf1c48c,test_dataset_1,0.5,-999.0,-999.0,-999.0
f473c60c8c6bf202a44523423c76867a,test_dataset_1,0.5,-999.0,-999.0,-999.0
2b1b67c609e88d6e3afeb2bb9c23d1cd,test_dataset_1,0.5,-999.0,-999.0,-999.0
57893b481163d655951dd6352a9716b8,test_dataset_1,0.5,-999.0,-999.0,-999.0
bdbc65d47ff079050bd5e8065de8c812,test_dataset_1,0.5,-999.0,-999.0,-999.0
04eeef24b4ee32c274641c405b8fe124,test_dataset_1,0.5,-999.0,-999.0,-999.0
276890d6e844cbf11301829266d7e042,test_dataset_1,0.5,-999.0,-999.0,-999.0
d7df4f7b3dbfbc5fa1e21b420afa4cc0,test_dataset_1,0.5,-999.0,-999.0,-999.0
7394a84349146197484ea84ed363b1e7,test_dataset_1,0.5,-999.0,-999.0,-999.0
05583066c32992baac3058bdecd90f98,test_dataset_1,0.5,-999.0,-999.0,-999.0
f94f11afa2e86305ceb50e4f7bdb6270,test_dataset_1,0.5,-999.0,-999.0,-999.0
f150ed8fa9e86824c36bb21b505aa76d,test_dataset_1,0.5,-999.0,-999.0,-999.0
da835c694e4c781b28b9dfef7aa9c123,test_dataset_1,0.5,-999.0,-999.0,-999.0
443e5ac656740a966eda2e7588fd5e31,test_dataset_1,0.5,-999.0,-999.0,-999.0
9e49f59b69b407c1870ab95ca2151388,test_dataset_1,0.5,-999.0,-999.0,-999.0
7f62ca6c888f891d8f39c95f126ba05a,test_dataset_1,0.5,-999.0,-999.0,-999.0
164e1797d66abc17dedab0ac83e81663,test_dataset_1,0.5,-999.0,-999.0,-999.0
e6b431f594c65d0cf1fcf2f2c243d7c6,test_dataset_1,0.5,-999.0,-999.0,-999.0
6f4c12e0a2f68c188fc55e3facfc063e,test_dataset_1,0.5,-999.0,-999.0,-999.0
a88a25259189b12436f549874024ad42,test_dataset_1,0.5,-999.0,-999.0,-999.0
7e9fd6e435a84b64927ee5e3d8f4e05a,test_dataset_1,0.5,-999.0,-999.0,-999.0
665f5229495e14f07ab8276a05166e6a,test_dataset_1,0.5,-999.0,-999.0,-999.0
3bf2b25d7fa430a2974acb9cbb6c4e98,test_dataset_1,0.5,-999.0,-999.0,-999.0
9639afc19707975961b01fdad672e621,test_dataset_1,0.5,-999.0,-999.0,-999.0
077c8409f0f87d933e88058115942e34,test_dataset_1,0.5,-999.0,-999.0,-999.0
ef8150c24a19480bbf156f03ed4fb140,test_dataset_1,0.5,-999.0,-999.0,-999.0
4891d0e1153813d77afb04d30bd3a867,test_dataset_1,0.5,-999.0,-999.0,-999.0
0cd23ec30c3df592b561f240bdd287c2,test_dataset_1,0.5,-999.0,-999.0,-999.0
c56961e66746d307a7418344d68e5c83,test_dataset_1,0.5,-999.0,-999.0,-999.0
3cfa38222a43288ccb1e8f0eb7fc41c3,test_dataset_1,0.5,-999.0,-999.0,-999.0
4bf5a830dee1fef025c3947c058f3f9e,test_dataset_1,0.5,-999.0,-999.0,-999.0
13a811589f878eca57cda476960cc5a8,test_dataset_1,0.5,-999.0,-999.0,-999.0
18c8d6d79f655c7caa818e595fcff139,test_dataset_1,0.5,-999.0,-999.0,-999.0
d2b11b2afeab0bce396a26bf8c38c675,test_dataset_1,0.5,-999.0,-999.0,-999.0
f457375dae66566f78b0b513cc6043a2,test_dataset_1,0.5,-999.0,-999.0,-999.0
23e9c5db151161e0d780dc64bf9dafc6,test_dataset_1,0.5,-999.0,-999.0,-999.0
9922d1c87f6dfe1a3d44652fb54769a0,test_dataset_1,0.5,-999.0,-999.0,-999.0
82be1a073cefe41cf7b7810e91160484,test_dataset_1,0.5,-999.0,-999.0,-999.0
5deef55afc7abd931b57cff307cc9231,test_dataset_1,0.5,-999.0,-999.0,-999.0
5686fa512f5692cc6fcf275c0a0078ef,test_dataset_1,0.5,-999.0,-999.0,-999.0
3456a072c6f3232bdae59045a9234e9e,test_dataset_1,0.5,-999.0,-999.0,-999.0
99ee4cb291ed849bf5125dee02ca11a8,test_dataset_1,0.5,-999.0,-999.0,-999.0
f0cbfd53aca0af838f38b2f9b58b78d9,test_dataset_1,0.5,-999.0,-999.0,-999.0
9cf0c9782080a76226ddf39bd56a6a3c,test_dataset_1,0.5,-999.0,-999.0,-999.0
2c723757ab1b169f83b16c42c6da0fea,test_dataset_1,0.5,-999.0,-999.0,-999.0
a8a33b25f49059ef2411c1f1fb0d9ff2,test_dataset_1,0.5,-999.0,-999.0,-999.0
069616e6b004ee1bf493ffc3db873c31,test_dataset_1,0.5,-999.0,-999.0,-999.0
199c7b3c9f544ef46224db45c580aadf,test_dataset_1,0.5,-999.0,-999.0,-999.0
2a80a9973e25eba0f579aa6bcf9f795a,test_dataset_1,0.5,-999.0,-999.0,-999.0
7d0c5a5538391d843fb089b2e50a5f30,test_dataset_1,0.5,-999.0,-999.0,-999.0
2508bc587ffb2749b11f5a32fa4ce2d5,test_dataset_1,0.5,-999.0,-999.0,-999.0
d656923dc76de72807ca03b310f63dbd,test_dataset_1,0.5,-999.0,-999.0,-999.0
75cb2b95463c9ca359b934190ae76e66,test_dataset_1,0.5,-999.0,-999.0,-999.0
2cf04e27271e2d54d60533ab475553d0,test_dataset_1,0.5,-999.0,-999.0,-999.0
c94dafaa5fd8a52e42ae6e05658f3524,test_dataset_1,0.5,-999.0,-999.0,-999.0
dd6b982472a797fd382110c44189b6a9,test_dataset_1,0.5,-999.0,-999.0,-999.0
bf0a1d000da52a33170fcf59dbb56e57,test_dataset_1,0.5,-999.0,-999.0,-999.0
f8060f5c9c0113e56e9318d6337f9060,test_dataset_1,0.5,-999.0,-999.0,-999.0
dd19ee2fc7b320b5babdf4edfbfadc58,test_dataset_1,0.5,-999.0,-999.0,-999.0
818a5aa6767d35c0c821df16016b0d88,test_dataset_1,0.5,-999.0,-999.0,-999.0
a0f406701fe4712a72e4ba4fc35cf69c,test_dataset_1,0.5,-999.0,-999.0,-999.0
40909394e8cd08d4e226e0bb9cf0cb78,test_dataset_1,0.5,-999.0,-999.0,-999.0
c60aa355d832ac0df3002d8c9ce95b86,test_dataset_1,0.5,-999.0,-999.0,-999.0
a118cc2422f030e46a83df81ff30cf2e,test_dataset_1,0.5,-999.0,-999.0,-999.0
30c9d1672feb8e03a5b62489fd33f9e9,test_dataset_1,0.5,-999.0,-999.0,-999.0
a1aa3d69e764e84e9f057439cf133bae,test_dataset_1,0.5,-999.0,-999.0,-999.0
6669f26d5a51c378e852c81238d03a33,test_dataset_1,0.5,-999.0,-999.0,-999.0
962c9ca994498148320acd87a0af10b6,test_dataset_1,0.5,-999.0,-999.0,-999.0
66ef2a0c95b1a74023b8e3ed4d133e51,test_dataset_1,0.5,-999.0,-999.0,-999.0
b50c7754a472dfc51ad64c201a530b40,test_dataset_1,0.5,-999.0,-999.0,-999.0
c7a11ab067f7531164fb1e7be98a6778,test_dataset_1,0.5,-999.0,-999.0,-999.0
c18adc66bfb1967741ab6efd64d02b61,test_dataset_1,0.5,-999.0,-999.0,-999.0
bf65c30e0a3d5d19c10976d6c1b4b303,test_dataset_1,0.5,-999.0,-999.0,-999.0
3c115c436ea304f2a5212fb0960cf3fe,test_dataset_1,0.5,-999.0,-999.0,-999.0
e5a41392c09f8b1a1d2227129e23b952,test_dataset_1,0.5,-999.0,-999.0,-999.0
a3471df8fe57a25a3c5c37b2407d75f5,test_dataset_1,0.5,-999.0,-999.0,-999.0
